DROP TABLE CD;
DROP TABLE EMP2;
DROP TABLE DEPT2;
DROP TABLE MyBEAN;
DROP TABLE IDENTITYTABLE;
DROP TABLE SEQTABLE;
DROP TABLE DEFAULT_TABLE;
DROP TABLE PK_ONLY_TABLE;
DROP TABLE AAA;
DROP TABLE BBB;
DROP TABLE CCC;
DROP TABLE DDD;
DROP TABLE EEE;
DROP TABLE FFF;
DROP TABLE SEARCH;
DROP TABLE EMP3;

CREATE TABLE EMP2(EMPNO NUMERIC(4) NOT NULL, ENAME VARCHAR(10), JOB VARCHAR(9), MGR NUMERIC(4), HIREDATE TIMESTAMP, SAL NUMERIC(7, 2), COMM NUMERIC(7, 2), DEPTNO NUMERIC(2), TSTAMP TIMESTAMP, PRIMARY KEY(EMPNO));
INSERT INTO EMP2 VALUES(7369,'SMITH','CLERK',7902,'1980-12-17',800,NULL,20,'2000-01-01 00:00:00.0');
INSERT INTO EMP2 VALUES(7499,'ALLEN','SALESMAN',7698,'1981-02-20',1600,300,30,'2000-01-01 00:00:00.0');
INSERT INTO EMP2 VALUES(7521,'WARD','SALESMAN',7698,'1981-02-22',1250,500,30,'2000-01-01 00:00:00.0');
INSERT INTO EMP2 VALUES(7566,'JONES','MANAGER',7839,'1981-04-02',2975,NULL,20,'2000-01-01 00:00:00.0');
INSERT INTO EMP2 VALUES(7654,'MARTIN','SALESMAN',7698,'1981-09-28',1250,1400,30,'2000-01-01 00:00:00.0');
INSERT INTO EMP2 VALUES(7698,'BLAKE','MANAGER',7839,'1981-05-01',2850,NULL,30,'2000-01-01 00:00:00.0');
INSERT INTO EMP2 VALUES(7782,'CLARK','MANAGER',7839,'1981-06-09',2450,NULL,10,'2000-01-01 00:00:00.0');
INSERT INTO EMP2 VALUES(7788,'SCOTT','ANALYST',7566,'1982-12-09',3000.0,NULL,20,'2005-01-18 13:09:32.213');
INSERT INTO EMP2 VALUES(7839,'KING','PRESIDENT',NULL,'1981-11-17',5000,NULL,10,'2000-01-01 00:00:00.0');
INSERT INTO EMP2 VALUES(7844,'TURNER','SALESMAN',7698,'1981-09-08',1500,0,30,'2000-01-01 00:00:00.0');
INSERT INTO EMP2 VALUES(7876,'ADAMS','CLERK',7788,'1983-01-12',1100,NULL,20,'2000-01-01 00:00:00.0');
INSERT INTO EMP2 VALUES(7900,'JAMES','CLERK',7698,'1981-12-03',950,NULL,30,'2000-01-01 00:00:00.0');
INSERT INTO EMP2 VALUES(7902,'FORD','ANALYST',7566,'1981-12-03',3000,NULL,20,'2000-01-01 00:00:00.0');
INSERT INTO EMP2 VALUES(7934,'MILLER','CLERK',7782,'1982-01-23',1300,NULL,10,'2000-01-01 00:00:00.0');

CREATE TABLE DEPT2(DEPTNO NUMERIC(2) NOT NULL,DNAME VARCHAR(14),LOC VARCHAR(13),VERSIONNO NUMERIC(8) default 0,ACTIVE NUMERIC(1), PRIMARY KEY(DEPTNO));
INSERT INTO DEPT2 VALUES (10, 'ACCOUNTING', 'NEW YORK', 0, 1);
INSERT INTO DEPT2 VALUES (20, 'RESEARCH',   'DALLAS', 0, 1);
INSERT INTO DEPT2 VALUES (30, 'SALES',      'CHICAGO', 0, 1);
INSERT INTO DEPT2 VALUES (40, 'OPERATIONS', 'BOSTON', 0, 1);

CREATE TABLE MyBEAN(ID NUMERIC(2) NOT NULL, PRIMARY KEY(ID));
CREATE TABLE IDENTITYTABLE(ID NUMERIC NOT NULL, ID_NAME VARCHAR(20), PRIMARY KEY(ID));
INSERT INTO IDENTITYTABLE(id, id_name) VALUES(99, 'test');

CREATE TABLE SEQTABLE(ID NUMERIC NOT NULL, NAME VARCHAR(20), PRIMARY KEY(ID));
INSERT INTO SEQTABLE(ID, NAME)  VALUES (1, 'Hoge');

CREATE TABLE DEFAULT_TABLE (ID NUMERIC NOT NULL, AAA VARCHAR(20) DEFAULT 'ABC', BBB VARCHAR(20), VERSION_NO NUMERIC NOT NULL, PRIMARY KEY (ID));
INSERT INTO DEFAULT_TABLE(ID, VERSION_NO)  VALUES (-1, -1);

CREATE TABLE PK_ONLY_TABLE (AAA VARCHAR(20) NOT NULL, BBB VARCHAR(20) NOT NULL, PRIMARY KEY (AAA, BBB));
INSERT INTO PK_ONLY_TABLE VALUES ('AAA', 'BBBB');

CREATE TABLE AAA(ID NUMERIC NOT NULL, PRIMARY KEY(ID));
CREATE TABLE BBB(ID NUMERIC NOT NULL, PRIMARY KEY(ID));
CREATE TABLE CCC(ID NUMERIC NOT NULL, PRIMARY KEY(ID));
CREATE TABLE DDD(ID NUMERIC NOT NULL, NAME VARCHAR(2), PRIMARY KEY(ID,NAME));
CREATE TABLE EEE(ID NUMERIC NOT NULL, NAME VARCHAR(2), PRIMARY KEY(ID,NAME));
CREATE TABLE FFF(ID NUMERIC NOT NULL, VERSION NUMERIC, UPDATED DATE, PRIMARY KEY(ID));

CREATE TABLE SEARCH(DEPTNO NUMERIC(2) NOT NULL,DNAME VARCHAR(14),LOC VARCHAR(13),VERSIONNO NUMERIC(8) default 0,ACTIVE NUMERIC(1), PRIMARY KEY(DEPTNO));
INSERT INTO SEARCH VALUES (10, 'ACCOUNTING', 'NEW YORK', 0, 1);
INSERT INTO SEARCH VALUES (20, 'RESEARCH',   'DALLAS', 0, 1);
INSERT INTO SEARCH VALUES (30, 'SALES',      'CHICAGO', 0, 1);
INSERT INTO SEARCH VALUES (40, 'OPERATIONS', 'BOSTON', 0, 1);

CREATE TABLE EMP3(EMPNO NUMERIC(4) NOT NULL,ENAME VARCHAR(10),JOB VARCHAR(9),MGR NUMERIC(4),HIREDATE DATE,SAL NUMERIC(7, 2),COMM NUMERIC(7, 2),DEPTNO NUMERIC(2),TSTAMP TIMESTAMP, PRIMARY KEY(EMPNO));
INSERT INTO EMP3 VALUES(7369,'SMITH','CLERK',7902,'1980-12-17',800,NULL,20,'2000-01-01 00:00:00.0');
INSERT INTO EMP3 VALUES(7499,'ALLEN','SALESMAN',7698,'1981-02-20',1600,300,30,'2000-01-01 00:00:00.0');
INSERT INTO EMP3 VALUES(7521,'WARD','SALESMAN',7698,'1981-02-22',1250,500,30,'2000-01-01 00:00:00.0');
INSERT INTO EMP3 VALUES(7566,'JONES','MANAGER',7839,'1981-04-02',2975,NULL,20,'2000-01-01 00:00:00.0');
INSERT INTO EMP3 VALUES(7654,'MARTIN','SALESMAN',7698,'1981-09-28',1250,1400,30,'2000-01-01 00:00:00.0');
INSERT INTO EMP3 VALUES(7698,'BLAKE','MANAGER',7839,'1981-05-01',2850,NULL,30,'2000-01-01 00:00:00.0');
INSERT INTO EMP3 VALUES(7782,'CLARK','MANAGER',7839,'1981-06-09',2450,NULL,10,'2000-01-01 00:00:00.0');
INSERT INTO EMP3 VALUES(7788,'SCOTT','ANALYST',7566,'1982-12-09',3000.0,NULL,20,'2005-01-18 13:09:32.213');
INSERT INTO EMP3 VALUES(7839,'KING','PRESIDENT',NULL,'1981-11-17',5000,NULL,10,'2000-01-01 00:00:00.0');
INSERT INTO EMP3 VALUES(7844,'TURNER','SALESMAN',7698,'1981-09-08',1500,0,30,'2000-01-01 00:00:00.0');
INSERT INTO EMP3 VALUES(7876,'ADAMS','CLERK',7788,'1983-01-12',1100,NULL,20,'2000-01-01 00:00:00.0');
INSERT INTO EMP3 VALUES(7900,'JAMES','CLERK',7698,'1981-12-03',950,NULL,30,'2000-01-01 00:00:00.0');
INSERT INTO EMP3 VALUES(7902,'FORD','ANALYST',7566,'1981-12-03',3000,NULL,20,'2000-01-01 00:00:00.0');
INSERT INTO EMP3 VALUES(7934,'MILLER','CLERK',7782,'1982-01-23',1300,NULL,10,'2000-01-01 00:00:00.0');
